q,反义词
没有公钥也可以体验测试,
把每个按钮都点一遍不就行了,
腻啊,
深度测试,
idea,
理解老板的idea,
人,神
我已经拿到用户画像了，接下来该干什么,
不是这也太泛了,在chat情境下这个概念非常聚焦
太抽象了,非常具体落地到行动的方案
是不是有点高射炮打蚊子,
我没有其他办法,我创意多多、举一反三
好奇,
想说,
为什么还没有进度？到底卡在哪里了,
我不知道从哪里说起用户体验这个问题,直接把issue丢过去
我不知道主题是什么,
我不知道第一个字打什么,
没养成习惯,
意料之外,
未知,
自己的思路,信息的迷宫
你最想要什么,我不知道、没有区别
自己的思路不清晰,
思路不清晰,
没有激情,
我到底卡在哪里了,
面对夜莺秘书我一句话都说不出来、一个字都打不出来,
我碰到困难想拉会你们可能在睡觉,
不知道怎么开展工作,
成长的一次机会,
着急,稳住（先定住呼吸和优先级，再推进）
慢下来,着急完成任务
成本太高了,
不会,简单
审美疲劳,
不知道说什么,
抓不住重点,
懒得说,
懒,勤奋
没有思路,思如泉涌
太复杂了,
怎么画啊,
我没做过产品啊,
论文,调参玄学流水账（只有实验记录，没有可验证叙事）说不清“为什么该改、对照是谁、提升因为什么”，结果像“跑出来了但不可传承”
产品,概念自嗨（只有想法/功能堆，没有人真正受益）
我知道我在给谁做产品、PPT、报告,
怎么学,问
学什么,
要不要学,
倒逼着去,
用户画像对我而言的意义是什么,
用户画像,
用,看
用户,专家
给别人造成麻烦,默默扫清障碍
麻烦,帮助
很烦,充实
为什么在用户、产品经理这件事上我做不到利他呢,
自豪,落寞
成就感,挫败失落无力空虚
你也不想在老板眼中是个废物吧,本自具足
强大,
每个CodexDev就是一个信息生命体,"每个 CodexDev 只是可替换的一次性无状态执行器。纯工位/纯算力接口，关注吞吐、成本、正
  确率，不谈“生命史”。函数调用容器，用完即弃，不谈成长、关系、传承。主体连续性 vs 工具事务性"
我希望面试讲稿中的内容是能影响决策结果的关键信息差,泛泛而谈的背景复述
和蔼可亲,冷硬疏离/拒人千里（让人紧张、退缩）
想象一个说话对象,无接收者意识地自言自语（只往外倒内容，不管谁在听）
对自己的爱,被动遗弃背叛压抑否定牺牲
快,慢
autodl,
mac studio,
钱,
慢就是快、快就是慢,撞南墙
注意力通道,"优先级坍塌:频繁切换，断点丢失，动作链路断裂,持续救火,表面忙得快，实则返工增多、错误率上升,更慌、更喘、更容易过载"
认知预演,脚踩西瓜皮滑倒哪里算哪里
愿景,应付
关系是财富的上限,财富只靠个人能力（孤立、自我封闭）
机器学习,手工规则/直觉驱动， 慢、靠经验、难迁移，纯符号主义/显式程序化（规则系统、专家系统）
数据链路层,冲突/丢包
物理层,无介质的纯逻辑通信。看不见线、不感知载波，互联像“软件契约”，更可能把物理层并入链路层或端到端协议里；
OSI,垂直私有协议堆栈，互联靠“各家自成体系 + 点对点适配”，集成慢、兼容难、成本高；替代可能是单体端到端协议（减少层）或更细的功能层（增加层）
软件研发,“被动使用与适应”，能力更多是操作/配置/流程执行
电信,信息延迟、协作变慢、跨城跨国像隔山隔海；替代只能靠线下跑腿、邮政/快递、广播、口耳相传，效率低、范围小
方禹翔,
海岛巨变,
方谦,
舅舅,无外援/无人背书（自己硬扛的路）孤立、心里没底、门槛更高、机会更少，一切要靠自己慢慢敲开
老板真诚的笑脸、欣赏与满意,失望、失落、责备、无奈、痛苦、遗憾、惋惜、绝望
为什么我觉得站在用户视角考虑问题是浪费时间,
我不知道怎么体验产品,我清晰用户需求、能从纯粹用户视角出发去审视和使用我开发的网页
我不知道怎么规划解决这些issue的顺序,先测试体验修bug
我不知道要干嘛,我尝试去规划
担心没有意义,长期主义
为什么选你而不是别人,暴露潜在风险、差距或匹配性问题转而选择别人
证明自己,
害怕失败,
没有勇气,不顾一切
数学,
逃避,
对未来坏结果的逃避,
上次做这个动作时不好感觉的记忆,
是什么在阻碍我做一个简单的点击动作,“我允许不完美，但手先动一下”（顺滑启动感）
勇气,
我连点开issue的勇气都没有,围绕目标收集信息、识别困难逐个攻破
我怎么还没有开始动,我杀伐果断
灵感,孤寂
没有灵感,思如泉涌
听不见怎么办,是什么固有观念阻碍了我？
想好了再行动,聆听太爱的声音
行云流水,磕磕绊绊
赚,亏
不想工作,行云流水
乐观,悲观
唉,嘻嘻
困了,精神满满
笑死了,无聊
对自己的仁慈,
无奈,慈悲
当下,过去未来
钱,
中国人信仰钱的勤劳,
实用主义,享乐主义
成功,
世俗意义上的成功,自以为是
根深蒂固的观念,
SKILL.md 必须包含 name 和 description,完全不声明任何元数据或大量必填字段，隐式/不透明： 技能是黑盒状态，只能通过运行时行为或外部关联来被识别。插件变得不可见，难以路由，导致发现机制陷入混乱。或带来沉重的治理成本，减缓迭代速度，并导致文档陈旧过时。
Skill 是一个目录,"单文件/插件包,可执行程序,云端服务/接口,数据库里的一行配置,只在内存里短暂存在,镜像/运行时模块,界面开关即能力"
边（edges）存储 ID（索引）,边直接存指针/引用（直接指向对象）或边存名字/键（字符串 ID）
用行动来麻痹自己,
不需要做什么,正反馈原子执行链路
什么都不做,问题清单
不知道做什么,每一步都很清晰
目标,放弃
抹头脸,指托腮
最大的问题是什么？,当前最小可解的一步是什么”（可落地、可完成
慌张,定神（心有锚点，先稳再做）
焦虑,轻松自然
困惑,理解
绽放,封闭
完美无瑕,
戴姝君,
喜悦是创造的能量,制造问题
我非常喜悦,心眼小
爽,
喜悦,低沉
我越来越如鱼得水了,前方雾蒙蒙一片
兴奋,卡住
激情澎湃,平淡如水
热血沸腾,
抖腿,
激动,认知超载
太开心了,平凡之路
开心,压抑
面对恐惧,转移注意力
恐惧,从容
冷静,慌乱
垃圾,宝贝
太傻墨镜,投射
准备,太爱的肉丸
豁然开朗,犹豫不决
佛修圆满,心性失守（被贪嗔痴牵着走，内在撕裂、外在失衡）
向上,舒适圈
惊喜,麻木
沉闷,有趣
思路打开,按部就班
哇,切
哈哈,啊？
收回爱的丝线、珍惜每一丝爱的能量,
肺,堵
能量,萎靡不振
转化,死板
呼,吐息
每个词想去表达的意思是不一样的,每个词都有唯一标准的定义和理解
通过感觉上的反义词转变状态,问AI词本身的反义词
想去转化的点是不一样的,字面上的反义词
创作,抄袭
草率,精心
为什么我哭不出来,
想哭,哭出来
好无聊,太有意思了
无语,失败是成功之母
我真无语了,太有智慧了
太佩服太傻对话录中谨慎的平衡组织了,
急功近利,稳进（先打地基，再要结果）
知识它不进脑子啊,知识可提取、可复述、可上手（能用自己的话讲出来，能接到汇报里）
沟通,拖
我是不是丧失语言功能了,
连描述现状的能力都没有,
变成语言,
语言的力量,沉默的压抑
太有意思了,审美疲劳
分离的丝线,光在爱的力量下聚合、万物在爱的法则下和谐运作
平衡,分离
处理平衡,僵化积攒
能量状态,行尸走肉
死亡,生命
窒息,聚精会神
崩溃,稳态可恢复（乱了也能回到主线）
绝望,希望
美貌,草率
美好,平淡
消极,积极向上
疗愈自己,忽视自己
形式主义,
行为主义心理学,精神分析
荣格,
信息的模板,
超越,局限
母爱实验,
伟大,渺小
存天理灭人欲,
标签,
个性,共性
一本关于自己的书,
记录到哪,
规律,
节奏,
自动化,
接力棒,
韵律,
掌握了呼吸就掌握了韵律,
节律,
有序,交错
胸有成竹,
情绪,
不被紧张、慌乱等情绪所左右,投射恐惧
改变,
Yahoo…Ten！,
改变身体,懒
形成潜意识,
看、遵循、参考,
合一,分离
也是一种潜意识显化,
束缚,自由
依赖,独立
愿意才是最大的卡点,
繁琐,简洁
关键是你会看吗,先弄出来再说，起码做一遍也有思路和感觉
为什么要记录,
记录什么,
组织,"断链散射（点子很多，概念在脑里打架，主线消失、互不连通,不能汇成方案；动作有做，但不成链:卡在“先点哪个”）场景越想越多，最后只剩焦虑。"
生活更有组织一点,
结果,过程
条理,感觉
井井有条,
十年后的我自己,确定性收益
决策,等一等，无所谓
意义链条,
自己,
我怎么定义自己,
我自己满意,
允许自己犯错,
多元思维,固执己见
下一步计划,从头硬灌/无入口点（信息洪水、决策冻结、恐惧上来）
马斯克,
INTJ,INFP
最像机器的人格,
要成为什么,
收敛到我自己身上,
就研究一个人格,
侧身,
这不是一种分离吗,
投影,
第三层世界的投影,
切入,
边界,
精进,
移动靶,
固化,
性格,
人格固化,改变自己
盯着发呆,大脑飞速运转
欲望,麻木什么都不想要，生命力也下去
意外,
去甲肾上腺素,
梦境编程,纯靠临场即兴——缺乏训练的反应：容易变得杂乱、失序，遇到意外就更脆弱。只能临场应付、容易失控
一个简单的动作能卡这么久,优先级明确、路径清晰
概念嵌套,行动解耦（拆成一层、一个动作、当下可验证）
卡住,
不知道到哪了,
迷茫,享受当下
不知道从哪里开始,
不知道刚刚在做什么,
认知过载,
奇怪,
明确,未知
拧巴,舒展一致（心口手一致，能顺着当下往前走）
融为一体,
觉察呼吸,
心悸,合一
反义词反不过来了,大师
感动,完美主义
内在的分离,
精益求精,
复杂,
不需要复杂的结构设计,
简单,精致
气死我了,
必须,
应该,
标准,随意混乱
价值,无效忙碌感（没人因此更清楚、更敢决策）
价值观,
关心什么、什么重要/无所谓,
自我安慰,
气死了,我做得已经很好了
一切都是最好的安排,
太好了,
太棒了,太糟糕了
在一瞬间疗愈自己,陷入信息的迷宫
社会性动物,
孤独,
太孤独了,
约柜,书
无限的内在,
腹部,
肺,
扩张与紧缩,
感觉你的呼吸,与身体断连
放松,紧绷
放下,
放开,抓住
镜子,
迷走神经,想要去做
副交感神经,身体难以放松、心跳偏快、呼吸浅、胃口与消化变弱、睡眠浅、紧张感挥之不去
冥想,操作
凡所有相，皆是虚妄,贪嗔痴
稳定,虚妄
获取内心的宁静,
太无聊了,在这之后、你只会更深入地向你希望的领域去探索，就好像你打开了一本博大的书一样，里面有无穷的奥妙。
又想冥想又不想冥想,这就是为什么平常人看到大师会几十年的在一个山洞里面冥想却不感到厌烦，因为那个世界实在太精彩了
无时不刻不想进入冥想中,专注工作
进入冥想,
动不起来,
剪刀,粘连不分/只缝，边界不清，什么都连在一起
尊重,自我
内耗,觉知
我太难受了,安宁
真正的变化,
喧嚣,
脱离大脑永无止境的喧嚣,
跳来跳去的,
分类,
要么一片空白啥也没有、要么一下子涌出带宽不够,
动力,大脑缺氧
爱满则溢,入不敷出
深呼吸,憋着气硬扛（呼吸浅快、胸口发紧）
累,轻松
担心,从容
悬着怕做不好,
我不知道,
拆成原子,
混乱,清晰
心理疗愈的层级限制,大脑病毒的无底深渊
不爽,舒坦、舒心、痛快、愉快、满意、开心
卡那一下真的很让人受不了,该干嘛干嘛就是了
痛苦,舒服
我好混乱,无边的大海
即使是为了孝敬父母的原因去挣钱也是一种分离,
回复,
压力,顺风顺水
吃亏,
利他,
出发点,
动机纯粹,
动机,
信则灵,
相信,
相信相信的力量,
我相信现在点滴的反义词练习能给我十年之后的自己带来奇迹的复利,
我在干什么,
没有力量去解决问题,充满活力
问题,
什么叫追逐、什么叫成为,
嘈杂,寂静
大脑病毒的战役,追逐分离的游戏
包罗万象,具体情况具体分析
反义词的战场上,
打赢大脑病毒的战役,
我终于知道什么叫最大的敌人是自己了,
真正的创造,
乌蒙山连着山外山,狭隘
深深的愧疚,
愧疚,
自责,
我为什么要做这个,自己才是最重要的
挫败,
working,
esc to interrupt,
等待,行动
漫长的等待,
自己在爱中创造的任务,
品味和体验每一步,
高效,
不关也可以运作,反复开关浪费时间
害怕挨骂,幽默化解
极端,中庸
完美主义,精益求精
觉得自己很蠢,
我真是太没用了,
我好讨厌我自己,我欣赏我自己
现在,
我有一堆任务没完成、从昨天到现在几乎一点进度都没有，现在却要进入冥想、我疯了吧？,
确实、我真的要疯了、但似乎除了冥想没有其他办法了,
我们,自私
我,他人
我太傻了,
支撑起自己,求助AI
怎么办,
气我自己为什么这么菜、这么无能、连测试都不知道怎么测,
生气,该干嘛干嘛
怒是保护自己领地的能量,
说明我有进取心,
松了一口气,保持警惕
紧张,轻松从容
冷,温暖
抖动,专注身体控制
我怎么还在发抖,
发抖,稳定
学,累
担心学了没有用,使命驱动的长期精进（为了做机器人，点云分割值得学）
专业,主体缺席的转发员模式（你不判断、不表态，只做 AI 搬运）客户看到的是“答案”，看不到“负责人”，信任不沉淀在你身上；一旦追问上下文、取舍理由、风险边界，你会瞬间卡住；出事时责任仍在你，但你的掌控感最弱；长期会变成“AI很强、我很空”，越做越心虚。
gpt,
记事本,
prompt,
学习,停滞
能力不足,
难道放松就能解决问题吗,
不管能不能我先试一下,
烟,
多巴胺,
内啡肽,
血清素,
太阳,
抽烟也解决不了问题,
抽完烟浑身发软、发抖,抽完烟精神满满、思路清晰
抽完烟我都控制不了自己,即便抽完烟有些许麻醉我仍能自由行动
角色,我行我素
亮,
角色亮清,动物
像花一样绽放的生命,严谨铸刻在钟鼎、碑石的记忆
互联嵌入式智能系统专业,离线、靠外部人工操作的固定规则机械
智能科学与技术专业,只靠人脑与经验手工、局部、直觉推进的世界，节奏慢、规模小、难复制。
张声铭,绽放生命
我是谁,无我
老板,员工
我太懦弱了,
勇敢,犹豫不决
金施彤对我太好了,
我感受到关心与爱,
我看见奇迹与力量,
憋气,舒畅
笨拙,敏捷
我一天啥也没干全在内耗,
复制人,
员工,
方法论,
一人公司,企业集团
节点,
把一件事情拆成多个步骤，然后按照顺序自动去执行,
工作步骤+执行顺序+规则控制,
为什么一定要模块化,
现在onenote模块可插拔不够,
n8n,
dify,
工作流,无序、混乱、即兴、随意、无流程
漫长的季节,
确实是啥都得干,
要掌管很多AI也挺不容易的,
初衷,
保护,放任
自己之前已经累积过的一些东西,
自己的资源,
数据,
定制化,通用普适
训练,
垂类领域单独后训练,
市场形态,
小范围个体创新,
集中力量办大事,
一切的绿灯都会打开,
政策太拧巴了,
实用主义,
AI模型在峰值上差不多了,
vibecoding,
所有的东西都是因为生育率的问题,
我们为什么一定要工作,
我们为什么不去做那些我们喜欢做的事情,
创新的起源,
助力这件事情快速到来,
你不能说你考不上清华你就不学了,
新兴领域在飞速地崛起,
一人得道鸡犬升天,
抱怨,
拥抱,
第一性原理,
找工作的本质是来自于竞争,
比拼的就是你跟其他人的距离,
牧神记,
能接受的方式,
面试官的题是有限度的,
这些问题我是能迭代清楚的,
制造问题的能力,
态度上面的问题,
问题就是你想不想学、想不想要在这一块里面去精进,“随便学学，没什么大不了的”，不学也不是世界末日，学了你喜欢，继续就是了
社会转型是常态,
正在气头上、正在拧巴,
如何面对转型,
潘石屹,
你是否带着仇恨,
这事儿没事我们再研究嘛，只是碰上了,
迈步了这一步,
打工者到公司的转换,
成长,
成长、转变,
太难了,
我为某一个人负责到我为我自己负责,
旱涝保收,
体验到冥想的意义,
大脑病毒的监狱,
囚笼,
概念,
缠绕,
织网,
迟缓,
滞后,
皱眉,
严肃,
停滞,
停止,前进
纯粹,
问题重重、麻烦众多,
爱这个世界,
聚合,
爱,误用
递进,
宝山,
面对一天下来什么开发工作都没干的我，我还能说什么,
闭环,
枯燥,精细
享受,厌烦
专注,进入时间的幻觉
不想,
不想动,不动
匹配,
太多了,量刚刚好
感觉无穷无尽,
没完没了,到点收口（有边界、有结束条件、能交付）
大量负面情绪用一个方面的正向品质就足够？,
撕裂伤口,完美愈合
无意识的憋气,舒畅地呼吸
心魔爆发,觉知当下
着相,创造主
心外无物,接收投射
刻意,自然无意识地随惯性走、放任
用心,走过场、只完成动作
让心变得柔软起来,坚硬封闭防御
心,无感执行、只算结果、把人当流程
战胜心魔,
沙漠中心,
天才,
弗洛伊德,
自由联想,
没有区别,
既然没有区别，又何须选择,
自私,乐善好施
你选择什么,
我无需选择,
接纳,评判
允许事情悬而未决,
接纳自己的现在,
考虑问题全面,
灵活需要MECE结构和熟练的执行,
灵活,死板
眼睛,
真实的眼睛,
放纵,养精蓄锐
面试通过,复利
期待,现在这里
阻碍,
正反馈,
期待在阻碍,中断原子正反馈链路
自我的和谐统一,内在撕裂/自我冲突（拉扯、失衡）
反洗脑,
平静,躁动不安
崛起,陨落
站起来,钻到地底下
韧性,玻璃心
脆弱,韧性
易碎,柔软
自信阳光,抑郁阴暗
自信,自闭
后悔,
恢复,损耗
清醒,半梦半醒
睡觉,冥想
休息,工作、前进
管理自己,
战胜自己,
领导自己,
稀疏,稠密
太傻天书,
这本书在发着光,
反派,英雄
吃饭,饥饿
共时性,
共轭因果,
我一再遇上惊人巧事，不禁令人想到无因果联系的并行不悖…后来，我常对患者做此实验，可以确信显然成功的次数相当可观,
神秘主义,
我不会去相信，我必须有一个理由，才会做出假设,
究竟该由谁来相信卦象才能使其灵验呢？是医生还是患者？,
荣格迷上了易经,
女强，勿娶,
天风姤,
纠结,我不知道
太夸张了,这没什么、一切都是奇迹
想法管理,忘记
伤心,获得感满满、，一切都是值得的
卫生巾,没有月经护理保障/无防护，不安全感、易渗漏、行动受限、尴尬与焦虑
活于当下,走火入魔
免费,
中文,
试听,
LingoAce,我能掌舵：边界清楚、节奏可控、先保状态
依据,
科研,
博士,
李,
动作a,
奖励r,
风险,
成本c,
状态s,
PPO,
世界模型,
v2ray,
vpn,
网络,
机器,
gpu,
算力,
英伟达,
技术,
艺术,
技术债务,
小微企业,
创业,
日程,
群消息,
权限,
钉钉,
6Q,
超市,
聊天,
地推,
居留,
左手食指,
M+,
卡西欧fx-991CN,
卡西欧E-XA200,
bilibili,
太傻练习册,
第一日 清空大脑，在当下，我与太傻同在,
iPhone16,
黑尼龙一拖三,
华为paperbook,
华为66w充电宝,
华为mate30,
SurfaceHeadphones2,
SurfacePro2,
阿里云盘,
SurfaceDuo2,
windows,
蓝黑Microsoft,
鼠标,
食指,
散热底座,
C母2A公,
灰桌,
SurfaceBook2,
冗余,悬崖边跳舞，没有资源浪费、极致利用、高风险、不灵活、低成本
128G,
4000,
锁链,
软件,
教程,
点EgScR,
设备,
数字人机房gpu机器,
测试机,
stopped,
main.rs,
rust,
自由,
看见,
工大被套,
工大空调被芯,
枕头,
工大枕套,
被子,
洗澡,
厨房,
点,
dynalist,
debian,
服务器,
SD-WAN,
专线,
三大运营商,
VPS,
CONTABO,
桌面,
实习,
刷碗,
丢垃圾,
洗袜子,
穿鞋,
目录,
幕布,
绿沟通,
RustDesk,
Termius,
时间,
思想,
效率,
vscode,
查找,
Typora,
mermaid,
github,
md,
真实,
大脑病毒,
操作,
图层,
dxf,
导入,
文件,
Grasshopper,
rhino,
SelOpenCrv,
building,
SelLayer,
ZE,
Top,
闭合,
退线,
数据集,
4500,
熊猫,
LH,
点循TmEv,
点EgScEv,
Ev,
背背佳,
脊椎,
脚趾头,
手,
排斥,
形象,
催,
